scope,precision,recall,f1,accuracy,n
overall,1.0,0.1084788029925187,0.19572553430821146,0.1084788029925187,1604
BG,1.0,0.08153078202995008,0.15076923076923077,0.08153078202995008,601
EN,1.0,0.2465277777777778,0.39554317548746526,0.2465277777777778,288
HI,1.0,0.10526315789473684,0.1904761904761905,0.10526315789473684,247
PT,1.0,0.041353383458646614,0.07942238267148015,0.041353383458646614,266
RU,1.0,0.08415841584158416,0.1552511415525114,0.08415841584158416,202
