scope,unit,acc@1,acc@3,acc@5,map,n
overall,subnar,0.42857142857142855,0.6178571428571429,0.7285714285714285,0.253802252589782,280
BG,subnar,0.5189873417721519,0.6835443037974683,0.7721518987341772,0.3415812242798061,79
EN,subnar,0.35,0.5,0.6666666666666666,0.19224612472691818,60
HI,subnar,0.3,0.5,0.5333333333333333,0.16020620612448067,30
PT,subnar,0.375,0.5357142857142857,0.6964285714285714,0.24324854241499735,56
RU,subnar,0.509090909090909,0.8,0.8727272727272727,0.25666985389899855,55
