scope,unit,acc@1,acc@3,acc@5,map,n
overall,subnar,0.4357142857142857,0.6392857142857142,0.7321428571428571,0.22322531522999986,280
BG,subnar,0.5316455696202531,0.7721518987341772,0.8227848101265823,0.3028920780311471,79
EN,subnar,0.3333333333333333,0.5,0.5666666666666667,0.16344463393609662,60
HI,subnar,0.4,0.5666666666666667,0.6333333333333333,0.15699037803945626,30
PT,subnar,0.39285714285714285,0.5535714285714286,0.7321428571428571,0.21227382284307006,56
RU,subnar,0.4727272727272727,0.7272727272727273,0.8363636363636363,0.22128892078868967,55
