scope,unit,acc@1,acc@3,acc@5,map,n
overall,subnar,0.43214285714285716,0.6714285714285714,0.7535714285714286,0.25745231109262734,280
BG,subnar,0.5063291139240507,0.7088607594936709,0.7721518987341772,0.3430886525782674,79
EN,subnar,0.4,0.5833333333333334,0.75,0.20617271982950747,60
HI,subnar,0.3,0.5333333333333333,0.6333333333333333,0.1610919558355226,30
PT,subnar,0.39285714285714285,0.7142857142857143,0.7678571428571429,0.2569088001002245,56
RU,subnar,0.4727272727272727,0.7454545454545455,0.7818181818181819,0.24350234330552423,55
