scope,unit,acc@1,acc@3,acc@5,map,n
overall,subnar,0.44642857142857145,0.6428571428571429,0.7214285714285714,0.13568750485095443,280
BG,subnar,0.5316455696202531,0.7088607594936709,0.7974683544303798,0.19571941688426625,79
EN,subnar,0.31666666666666665,0.48333333333333334,0.5833333333333334,0.10229513876624328,60
HI,subnar,0.4,0.5333333333333333,0.6666666666666666,0.0879082514315511,30
PT,subnar,0.39285714285714285,0.5892857142857143,0.6785714285714286,0.12238312821092999,56
RU,subnar,0.5454545454545454,0.8363636363636363,0.8363636363636363,0.12549557046685447,55
