scope,unit,acc@1,acc@3,acc@5,map,n
overall,subnar,0.4392857142857143,0.6357142857142857,0.725,0.2618972859372244,280
BG,subnar,0.5316455696202531,0.6835443037974683,0.759493670886076,0.34250942094374676,79
EN,subnar,0.38333333333333336,0.5333333333333333,0.65,0.21674301976445506,60
HI,subnar,0.2,0.43333333333333335,0.5333333333333333,0.1713783396460718,30
PT,subnar,0.4642857142857143,0.6428571428571429,0.7321428571428571,0.2511597734282347,56
RU,subnar,0.4727272727272727,0.7818181818181819,0.8545454545454545,0.25567485673884055,55
