scope,unit,acc@1,acc@3,acc@5,map,n
overall,subnar,0.44285714285714284,0.65,0.7285714285714285,0.2518805884231479,280
BG,subnar,0.5189873417721519,0.7088607594936709,0.810126582278481,0.3455500023221812,79
EN,subnar,0.3333333333333333,0.5,0.5666666666666667,0.18598613259743363,60
HI,subnar,0.3,0.5,0.6,0.16283978333630367,30
PT,subnar,0.4107142857142857,0.625,0.7142857142857143,0.2444315008265821,56
RU,subnar,0.5636363636363636,0.8363636363636363,0.8727272727272727,0.24537434677827938,55
